{
	"info": {
		"_postman_id": "dcdfad84-57d9-4753-919e-6379c8c00a5d",
		"name": "Transaction",
		"schema": "https://schema.getpostman.com/json/collection/v2.1.0/collection.json"
	},
	"item": [
		{
			"name": "Get transaction by account id",
			"request": {
				"method": "GET",
				"header": [],
				"url": {
					"raw": "http://localhost:8093/api/v1/transactions?accountId=4",
					"protocol": "http",
					"host": [
						"localhost"
					],
					"port": "8093",
					"path": [
						"api",
						"v1",
						"transactions"
					],
					"query": [
						{
							"key": "accountId",
							"value": "4"
						}
					]
				}
			},
			"response": []
		},
		{
			"name": "Get transaction by tracking code",
			"request": {
				"method": "GET",
				"header": [],
				"url": {
					"raw": "http://localhost:8093/api/v1/transactions/9279089429",
					"protocol": "http",
					"host": [
						"localhost"
					],
					"port": "8093",
					"path": [
						"api",
						"v1",
						"transactions",
						"9279089429"
					]
				}
			},
			"response": []
		}
	]
}